name,last_name,email,phone,address
Admin,User,admin@admin.com,600000000,Direcci√≥n del admin
Velva Hamill I,Krajcik,kaci88@example.net,+1-909-886-3025,"57035 Ruthe Hollow Suite 343 Timothystad, VT 60771"
Jaunita Hoppe,Heller,magali80@example.com,(930) 647-4961,"8895 Rolfson Locks Lake Alexandra, IN 15997-6161"
Carmelo Lindgren I,Blanda,amanda24@example.net,+1 (251) 753-1679,"1736 Hermiston Mount Apt. 069 Cummingsfort, NY 11728-8559"
Dorian Luettgen,Smitham,sconroy@example.org,601-382-1787,"7124 Schulist Park Treutelport, WA 35544"
Oda Sanford,Davis,grippin@example.com,1-539-771-3089,"939 Thompson Meadows Apt. 986 Carrollmouth, MN 69098"
Berry Douglas,Corkery,major60@example.com,858-226-6724,"6487 Langworth Viaduct Suite 796 North Zulaberg, MN 75641"
Dr. Kurtis Gerlach DVM,Quigley,alford.towne@example.com,1-863-799-3809,"636 Ziemann Plain Camillashire, WI 97585"
Karley Corkery PhD,Champlin,stanton.elvis@example.com,+1 (385) 789-0693,"86144 Ernser Motorway Harrisonbury, TX 22641"
Burnice Homenick,Ondricka,hwaelchi@example.org,810-695-9930,"945 Rahul Manor Apt. 302 Emiliaville, AK 26292"
Alberto,Almenara,alberto@gmail.com,69598454,"C/ Carrer, 50"
Haylie Stoltenberg,Bogan,schmitt.reginald@example.org,+1-276-345-9528,"83868 Thiel Dale Suite 916 Marciastad, VT 22803-1520"


